{"$schema":"http://schema.management.azure.com/schemas/2015-01-01/deploymentTemplate.json#","contentVersion":"1.0.0.0","parameters":{"factoryName":{"type":"string","metadata":"Data Factory name"},"Mission100ankaraju061993DB_ls":{"type":"string"}},"variables":{"factoryId":"[concat('Microsoft.DataFactory/factories/', parameters('factoryName'))]"},"resources":[{"name":"[concat(parameters('factoryName'), '/p_dwh2')]","type":"Microsoft.DataFactory/factories/pipelines","apiVersion":"2018-06-01","properties":{"activities":[{"name":"df_stg_employee_t2","type":"ExecuteDataFlow","dependsOn":[],"policy":{"timeout":"0.12:00:00","retry":0,"retryIntervalInSeconds":30,"secureOutput":false,"secureInput":false},"userProperties":[],"typeProperties":{"dataflow":{"referenceName":"df_stg_employee_t2","type":"DataFlowReference","parameters":{},"datasetParameters":{"srcemployee":{},"lkpstgemployee":{},"insertstgemployee":{},"deletestgemployee":{},"insertt2row":{},"inactive":{}}},"staging":{},"compute":{"coreCount":8,"computeType":"General"},"traceLevel":"Fine"}}],"policy":{"elapsedTimeMetric":{}},"folder":{"name":"DWH"},"annotations":[],"lastPublishTime":"2025-12-14T03:43:57Z"},"dependsOn":["[concat(variables('factoryId'), '/dataflows/df_stg_employee_t2')]"]},{"name":"[concat(parameters('factoryName'), '/df_stg_employee_t2')]","type":"Microsoft.DataFactory/factories/dataflows","apiVersion":"2018-06-01","properties":{"folder":{"name":"Staging"},"type":"MappingDataFlow","typeProperties":{"sources":[{"dataset":{"referenceName":"EMPLOYEE1","type":"DatasetReference"},"name":"srcemployee","description":"Import data from EMPLOYEE"},{"dataset":{"referenceName":"stg_employee_t2","type":"DatasetReference"},"name":"lkpstgemployee"}],"sinks":[{"dataset":{"referenceName":"stg_employee_t2","type":"DatasetReference"},"name":"insertstgemployee"},{"dataset":{"referenceName":"stg_employee_t2","type":"DatasetReference"},"name":"deletestgemployee"},{"dataset":{"referenceName":"stg_employee_t2","type":"DatasetReference"},"name":"insertt2row"},{"dataset":{"referenceName":"stg_employee_t2","type":"DatasetReference"},"name":"inactive"}],"transformations":[{"name":"tgtemployee","description":"Import data from Target and rename them to Old_<Column_name> to differentiate between Source and Target"},{"name":"genextmd5","description":"Generate external_id, md5_crc from Source Columns"},{"name":"fulljoin","description":"Full outer join between Source and Target on external_id"},{"name":"genupsertflag","description":"Generate Insert/Update/Delete Flag"},{"name":"split1","description":"Conditionally distributing the data in flag groups, based on columns '{1}' for Insert/Update/Delete"},{"name":"genmetacolumns","description":"Generate meta_is_current, meta_creation_date, meta_modification_date, meta_valid_for_start_datetime, meta_valid_for_end_datetime'"},{"name":"alterRow1"},{"name":"genmetacolumnst2","description":"Generate meta_is_current, meta_creation_date, meta_modification_date, meta_valid_for_start_datetime, meta_valid_for_end_datetime'"},{"name":"makeinactive"},{"name":"gensoftdeletecolumns","description":"Generate meta_is_current, meta_modification_date, meta_valid_for_end_datetime for Soft deletion"},{"name":"SoftDelete"},{"name":"insertnewrowt2"}],"scriptLines":["source(output(","          EMPLOYEE_ID as integer,","          FIRST_NAME as string,","          LAST_NAME as string,","          HIRE_DATE as date,","          SALARY as integer,","          DEPARTMENT_ID as integer,","          MODIFICATION_DATE as timestamp","     ),","     allowSchemaDrift: true,","     validateSchema: false,","     isolationLevel: 'READ_UNCOMMITTED',","     format: 'table') ~> srcemployee","source(output(","          EMPLOYEE_ID as integer,","          FIRST_NAME as string,","          LAST_NAME as string,","          HIRE_DATE as date,","          SALARY as integer,","          DEPARTMENT_ID as integer,","          external_id as string,","          meta_is_current as string,","          meta_creation_date as timestamp,","          meta_modification_date as timestamp,","          meta_valid_for_start_datetime as timestamp,","          meta_valid_for_end_datetime as timestamp,","          md5_crc as string,","          Object_wid as integer","     ),","     allowSchemaDrift: true,","     validateSchema: false,","     isolationLevel: 'READ_UNCOMMITTED',","     query: 'select * from stg_employee_t2 where CONVERT(VARCHAR, meta_is_current)=\\'Y\\'',","     format: 'query') ~> lkpstgemployee","lkpstgemployee select(mapColumn(","          old_Object_wid = Object_wid,","          old_EMPLOYEE_ID = EMPLOYEE_ID,","          old_FIRST_NAME = FIRST_NAME,","          old_LAST_NAME = LAST_NAME,","          old_HIRE_DATE = HIRE_DATE,","          old_SALARY = SALARY,","          old_DEPARTMENT_ID = DEPARTMENT_ID,","          old_external_id = external_id,","          old_md5_crc = md5_crc","     ),","     skipDuplicateMapInputs: true,","     skipDuplicateMapOutputs: true) ~> tgtemployee","srcemployee derive(external_id = '~' + toString(EMPLOYEE_ID) + '~',","          md5_crc = sha2(256, FIRST_NAME, LAST_NAME, HIRE_DATE, SALARY, DEPARTMENT_ID)) ~> genextmd5","genextmd5, tgtemployee join(external_id == old_external_id,","     joinType:'outer',","     matchType:'exact',","     ignoreSpaces: false,","     broadcast: 'auto')~> fulljoin","fulljoin derive(flag = case(isNull(old_external_id),'I',\r","case(isNull(external_id),'D',\r","case(equals(md5_crc,old_md5_crc),'N','U')\r",")\r",")) ~> genupsertflag","genupsertflag split(equals(flag, 'I'),","     equals(flag, 'U'),","     equals(flag, 'D'),","     disjoint: false) ~> split1@(Insert, Update, Delete, No)","split1@Insert derive(meta_is_current = 'Y',","          meta_creation_date = currentDate(),","          meta_modification_date = currentDate(),","          meta_valid_for_start_datetime = currentTimestamp(),","          meta_valid_for_end_datetime = toDate('47120101','yyyyMMdd')) ~> genmetacolumns","genmetacolumns alterRow(insertIf(true())) ~> alterRow1","split1@Update derive(meta_modification_date = currentDate(),","          meta_is_active = 'Y',","          meta_is_inactive = 'N',","          meta_creation_date = currentDate(),","          meta_valid_for_start_datetime = currentTimestamp(),","          meta_valid_for_end_datetime = toDate('47120101', 'yyyyMMdd')) ~> genmetacolumnst2","genmetacolumnst2 alterRow(updateIf(true())) ~> makeinactive","split1@Delete derive(meta_is_current = 'N',","          meta_modification_date = currentDate(),","          meta_valid_for_end_datetime = currentTimestamp()) ~> gensoftdeletecolumns","gensoftdeletecolumns alterRow(updateIf(true())) ~> SoftDelete","genmetacolumnst2 alterRow(insertIf(true())) ~> insertnewrowt2","alterRow1 sink(allowSchemaDrift: true,","     validateSchema: false,","     input(","          EMPLOYEE_ID as integer,","          FIRST_NAME as string,","          LAST_NAME as string,","          HIRE_DATE as date,","          SALARY as integer,","          DEPARTMENT_ID as integer,","          external_id as string,","          meta_is_current as string,","          meta_creation_date as timestamp,","          meta_modification_date as timestamp,","          meta_valid_for_start_datetime as timestamp,","          meta_valid_for_end_datetime as timestamp,","          md5_crc as string,","          Object_wid as integer","     ),","     deletable:false,","     insertable:true,","     updateable:false,","     upsertable:false,","     format: 'table',","     skipDuplicateMapInputs: true,","     skipDuplicateMapOutputs: true,","     saveOrder: 2,","     errorHandlingOption: 'stopOnFirstError',","     mapColumn(","          EMPLOYEE_ID,","          FIRST_NAME,","          LAST_NAME,","          HIRE_DATE,","          SALARY,","          DEPARTMENT_ID,","          external_id,","          meta_is_current,","          meta_creation_date,","          meta_modification_date,","          meta_valid_for_start_datetime,","          meta_valid_for_end_datetime,","          md5_crc","     )) ~> insertstgemployee","SoftDelete sink(allowSchemaDrift: true,","     validateSchema: false,","     input(","          EMPLOYEE_ID as integer,","          FIRST_NAME as string,","          LAST_NAME as string,","          HIRE_DATE as date,","          SALARY as integer,","          DEPARTMENT_ID as integer,","          external_id as string,","          meta_is_current as string,","          meta_creation_date as timestamp,","          meta_modification_date as timestamp,","          meta_valid_for_start_datetime as timestamp,","          meta_valid_for_end_datetime as timestamp,","          md5_crc as string,","          Object_wid as integer","     ),","     deletable:false,","     insertable:false,","     updateable:true,","     upsertable:false,","     keys:['Object_wid'],","     format: 'table',","     skipDuplicateMapInputs: true,","     skipDuplicateMapOutputs: true,","     saveOrder: 1,","     errorHandlingOption: 'stopOnFirstError',","     mapColumn(","          meta_is_current,","          meta_modification_date,","          meta_valid_for_end_datetime,","          Object_wid = old_Object_wid","     )) ~> deletestgemployee","insertnewrowt2 sink(allowSchemaDrift: true,","     validateSchema: false,","     input(","          EMPLOYEE_ID as integer,","          FIRST_NAME as string,","          LAST_NAME as string,","          HIRE_DATE as date,","          SALARY as integer,","          DEPARTMENT_ID as integer,","          external_id as string,","          meta_is_current as string,","          meta_creation_date as timestamp,","          meta_modification_date as timestamp,","          meta_valid_for_start_datetime as timestamp,","          meta_valid_for_end_datetime as timestamp,","          md5_crc as string,","          Object_wid as integer","     ),","     deletable:false,","     insertable:true,","     updateable:false,","     upsertable:false,","     format: 'table',","     skipDuplicateMapInputs: true,","     skipDuplicateMapOutputs: true,","     saveOrder: 2,","     errorHandlingOption: 'stopOnFirstError',","     mapColumn(","          EMPLOYEE_ID,","          FIRST_NAME,","          LAST_NAME,","          HIRE_DATE,","          SALARY,","          DEPARTMENT_ID,","          external_id,","          meta_is_current = meta_is_active,","          meta_creation_date,","          meta_modification_date,","          meta_valid_for_start_datetime,","          meta_valid_for_end_datetime,","          md5_crc","     )) ~> insertt2row","makeinactive sink(allowSchemaDrift: true,","     validateSchema: false,","     input(","          EMPLOYEE_ID as integer,","          FIRST_NAME as string,","          LAST_NAME as string,","          HIRE_DATE as date,","          SALARY as integer,","          DEPARTMENT_ID as integer,","          external_id as string,","          meta_is_current as string,","          meta_creation_date as timestamp,","          meta_modification_date as timestamp,","          meta_valid_for_start_datetime as timestamp,","          meta_valid_for_end_datetime as timestamp,","          md5_crc as string,","          Object_wid as integer","     ),","     deletable:false,","     insertable:false,","     updateable:true,","     upsertable:false,","     keys:['Object_wid'],","     format: 'table',","     skipDuplicateMapInputs: true,","     skipDuplicateMapOutputs: true,","     saveOrder: 1,","     errorHandlingOption: 'stopOnFirstError',","     mapColumn(","          meta_is_current = meta_is_inactive,","          meta_modification_date,","          meta_valid_for_end_datetime,","          Object_wid = old_Object_wid","     )) ~> inactive"]}},"dependsOn":["[concat(variables('factoryId'), '/datasets/EMPLOYEE1')]","[concat(variables('factoryId'), '/datasets/stg_employee_t2')]"]},{"name":"[concat(parameters('factoryName'), '/EMPLOYEE1')]","type":"Microsoft.DataFactory/factories/datasets","apiVersion":"2018-06-01","properties":{"linkedServiceName":{"referenceName":"[parameters('Mission100ankaraju061993DB_ls')]","type":"LinkedServiceReference"},"folder":{"name":"SQLCloud"},"annotations":[],"type":"AzureSqlTable","schema":[{"name":"EMPLOYEE_ID","type":"int","precision":10},{"name":"FIRST_NAME","type":"text"},{"name":"LAST_NAME","type":"text"},{"name":"HIRE_DATE","type":"date"},{"name":"SALARY","type":"int","precision":10},{"name":"DEPARTMENT_ID","type":"int","precision":10},{"name":"MODIFICATION_DATE","type":"datetime2","scale":3}],"typeProperties":{"schema":"dbo","table":"EMPLOYEE"}},"dependsOn":[]},{"name":"[concat(parameters('factoryName'), '/stg_employee_t2')]","type":"Microsoft.DataFactory/factories/datasets","apiVersion":"2018-06-01","properties":{"linkedServiceName":{"referenceName":"[parameters('Mission100ankaraju061993DB_ls')]","type":"LinkedServiceReference"},"folder":{"name":"SQLCloud"},"annotations":[],"type":"AzureSqlTable","schema":[{"name":"EMPLOYEE_ID","type":"int","precision":10},{"name":"FIRST_NAME","type":"text"},{"name":"LAST_NAME","type":"text"},{"name":"HIRE_DATE","type":"date"},{"name":"SALARY","type":"int","precision":10},{"name":"DEPARTMENT_ID","type":"int","precision":10},{"name":"external_id","type":"text"},{"name":"meta_is_current","type":"text"},{"name":"meta_creation_date","type":"datetime","precision":23,"scale":3},{"name":"meta_modification_date","type":"datetime","precision":23,"scale":3},{"name":"meta_valid_for_start_datetime","type":"datetime","precision":23,"scale":3},{"name":"meta_valid_for_end_datetime","type":"datetime","precision":23,"scale":3},{"name":"md5_crc","type":"text"},{"name":"Object_wid","type":"int","precision":10}],"typeProperties":{"schema":"dbo","table":"stg_employee_t2"}},"dependsOn":[]}]}